Position,Const,Created,Modified,Description,Name,Known For,Birth Date
1,nm0587277,2016-07-18,2016-07-18,"1929 – [b]Two Arabian Knights[/b]
1930 – [b]All Quiet on the Western Front[/b]
1931 – The Front Page",Lewis Milestone,All Quiet on the Western Front,1895-09-30
2,nm0928514,2016-07-18,2016-07-18,1929 – Speedy,Ted Wilde,The Kid Brother,1889-12-16
3,nm0097648,2016-07-18,2016-07-18,"1929 – [b]7th Heaven[/b]
1932 – [b]Bad Girl[/b]",Frank Borzage,7th Heaven,1894-04-23
4,nm0107543,2016-07-18,2016-07-18,1929 – Sorrell and Son,Herbert Brenon,Beau Geste,1880-01-13
5,nm0896542,2016-07-18,2016-07-18,"1929 – The Crowd
1930 – Hallelujah!
1932 – The Champ
1939 – The Citadel
1957 – War and Peace",King Vidor,The Crowd,1894-02-08
6,nm0515979,2016-07-18,2016-07-18,"1930 – [b]The Divine Lady[/b]
1930 – Drag
1930 – Weary River
1934 – [b]Cavalcade[/b]
1936 – Mutiny on the Bounty",Frank Lloyd,Mutiny on the Bounty,1886-02-02
7,nm0000859,2016-07-18,2016-07-18,1930 – Madame X,Lionel Barrymore,You Can't Take It with You,1878-04-28
8,nm0064600,2016-07-18,2016-07-18,1930 – The Broadway Melody,Harry Beaumont,The Broadway Melody,1888-02-10
9,nm0191899,2016-07-18,2016-07-18,1930 – In Old Arizona,Irving Cummings,Curly Top,1888-10-09
10,nm0523932,2016-07-18,2016-07-18,"1930 – The Patriot
1930 – The Love Parade
1944 – Heaven Can Wait",Ernst Lubitsch,To Be or Not to Be,1892-01-29
11,nm0113284,2016-07-18,2016-07-18,"1930 – Anna Christie
1930 – Romance
1931 – A Free Soul
1944 – The Human Comedy
1946 – National Velvet
1947 – The Yearling",Clarence Brown,Anna Karenina,1890-05-10
12,nm0502752,2016-07-18,2016-07-18,"1930 – The Divorcee
1937 – The Great Ziegfeld",Robert Z. Leonard,The Great Ziegfeld,1889-10-07
13,nm0851537,2016-07-18,2016-07-18,"1931 – [b]Skippy[/b]
1939 – Boys Town",Norman Taurog,The Adventures of Tom Sawyer,1899-02-23
14,nm0749484,2016-07-18,2016-07-18,1931 – Cimarron,Wesley Ruggles,London Town,1889-06-11
15,nm0903049,2016-07-18,2016-07-18,"1931 – Morocco
1932 – Shanghai Express",Josef von Sternberg,Dishonored,1894-05-29
16,nm0001008,2016-07-18,2016-07-18,"1934 – Lady for a Day
1935 – [b]It Happened One Night[/b]
1937 – [b]Mr. Deeds Goes to Town[/b]
1939 – [b]You Can't Take It With You[/b]
1940 – Mr. Wmith Goes to Washington
1947 – It's a Wonderful Life",Frank Capra,It's a Wonderful Life,1897-05-18
17,nm0002030,2016-07-18,2016-07-18,"1934 – Little Women
1941 – The Philadelphia Story
1948 – A Double Life
1951 – Born Yesterday
1965 – [b]My Fair Lady[/b]",George Cukor,My Fair Lady,1899-07-07
18,nm0006276,2016-07-18,2016-07-18,1935 – One Night of Love,Victor Schertzinger,Paycheck,1888-04-08
19,nm0886754,2016-07-18,2016-07-18,"1935 – The Thin Man
1937 – San Francisco",W.S. Van Dyke,The Thin Man,1889-03-21
20,nm0000406,2016-07-18,2016-07-18,"1936 – [b]The Informer[/b]
1940 – Stagecoach
1941 – [b]The Grapes of Wrath[/b]
1942 – [b]How Green Was My Valley[/b]
1953 – [b]The Quiet Man[/b]",John Ford,The Quiet Man,1894-02-01
21,nm0002031,2016-07-18,2016-07-18,"1936 – Captain Blood
1939 – Angels with Dirty Faces
1939 – Four Daughters
1943 – Yankee Doodle Dandy
1944 – [b]Casablanca[/b]",Michael Curtiz,Casablanca,1886-12-24
22,nm0368871,2016-07-18,2016-07-18,1936 – The Lives of a Bengal Lancer,Henry Hathaway,True Grit,1898-03-13
23,nm0478441,2016-07-18,2016-07-18,"1937 – My Man Godfrey
1938 – Stage Door",Gregory La Cava,Stage Door,1892-03-10
24,nm0943758,2016-07-18,2016-07-18,"1937 – Dodsworth
1940 – Wuthering Heights
1941 – The Letter
1942 – The Little Foxes
1943 – [b]Mrs. Miniver[/b]
1947 – [b]The Best Years of Our Lives[/b]
1950 – The Heiress
1952 – Detective Story
1954 – Roman Holiday
1957 – Friendly Persuasion
1960 – [b]Ben-Hur[/b]
1966 – The Collector",William Wyler,The Best Years of Our Lives,1902-07-01
25,nm0564970,2016-07-18,2016-07-18,"1938 – [b]The Awful Truth[/b]
1945 – [b]Going My Way[/b]
1946 – The Bells of St. Mary's",Leo McCarey,An Affair to Remember,1896-10-03
26,nm0226189,2016-07-18,2016-07-18,1938 – The Life of Emile Zola,William Dieterle,Faust: Eine deutsche Volkssage,1893-07-15
27,nm0291548,2016-07-18,2016-07-18,1938 – The Good Earth,Sidney Franklin,The Good Earth,1893-03-21
28,nm0920074,2016-07-18,2016-07-18,"1938 – A Star Is Born
1950 – Battleground
1955 – The High and the Mighty",William A. Wellman,A Star Is Born,1896-02-29
29,nm0281808,2016-07-18,2016-07-18,1940 – Gone with the Wind,Victor Fleming,Gone with the Wind,1889-02-23
30,nm0939992,2016-07-18,2016-07-18,"1940 – Goodbye, Mr. Chips
1941 – Kitty Foyle
1943 – Kings Row",Sam Wood,"Goodbye, Mr. Chips",1883-07-10
31,nm0000033,2016-07-18,2016-07-18,"1941 – Rebecca
1945 – Lifeboat
1946 – Spellbound
1955 – Rear Window
1961 – Psycho",Alfred Hitchcock,Psycho,1899-08-13
32,nm0355284,2016-07-18,2016-07-18,1942 – Here Comes Mr. Jordan,Alexander Hall,Here Comes Mr. Jordan,1894-01-11
33,nm0001328,2016-07-18,2016-07-18,1942 – Sergeant York,Howard Hawks,Rio Bravo,1896-05-30
34,nm0000080,2016-07-18,2016-07-18,1942 – Citizen Kane,Orson Welles,Citizen Kane,1915-05-06
35,nm0268513,2016-07-18,2016-07-18,1943 – Wake Island,John Farrow,Around the World in 80 Days,1904-02-10
36,nm0503777,2016-07-18,2016-07-18,1943 – Random Harvest,Mervyn LeRoy,Gypsy,1900-10-15
37,nm0828419,2016-07-18,2016-07-18,"1944 – The More the Merrier
1952 – [b]A Place in the Sun[/b]
1954 – Shane
1957 – [b]Giant[/b]
1960 – The Diary of Anne Frank",George Stevens,Giant,1904-12-18
38,nm0454771,2016-07-18,2016-07-18,"1944 – The Song of Bernadette
1945 – Wilson",Henry King,The Song of Bernadette,1886-01-24
39,nm0000697,2016-07-18,2016-07-18,"1945 – Double Indemnity
1946 – [b]The Lost Weekend[/b]
1951 – Sunset Boulevard
1954 – Stalag 17
1955 – Sabrina
1958 – Witness for the Prosecution
1960 – Some Like It Hot
1961 – [b]The Apartment[/b]",Billy Wilder,The Apartment,1906-06-22
40,nm0695937,2016-07-18,2016-07-18,"1945 – Laura
1964 – The Cardinal",Otto Preminger,Anatomy of a Murder,1905-12-05
41,nm0719756,2016-07-18,2016-07-18,1946 – The Southerner,Jean Renoir,La règle du jeu,1894-09-15
42,nm0000180,2016-07-18,2016-07-19,"1947 – Brief Encounter
1948 – Great Expectations
1956 – Summertime
1958 – [b]The Bridge on the River Kwai[/b]
1963 – [b]Lawrence of Arabia[/b]
1966 – Doctor Zhivago
1985 – A Passage to India",David Lean,Lawrence of Arabia,1908-03-25
43,nm0802563,2016-07-18,2016-07-18,1947 – The Killers,Robert Siodmak,Nachts wenn der Teufel kam,1900-08-08
44,nm0001415,2016-07-18,2016-07-18,"1948 – [b]Gentleman's Agreement[/b]
1952 – A Streetcar Named Desire
1955 – [b]On the Waterfront[/b]
1956 – East of Eden
1964 – America America",Elia Kazan,On the Waterfront,1909-09-07
45,nm0229424,2016-07-18,2016-07-18,1948 – Crossfire,Edward Dmytryk,The Caine Mutiny,1908-09-04
46,nm0467396,2016-07-18,2016-07-18,1948 – The Bishop's Wife,Henry Koster,Harvey,1905-05-01
47,nm0001379,2016-07-18,2016-07-19,"1949 – [b]The Treasure of the Sierra Madre[/b]
1951 – The Asphalt Jungle
1952 – The African Queen
1953 – Moulin Rouge
1986 – Prizzi's Honor",John Huston,The Treasure of the Sierra Madre,1906-08-05
48,nm0514822,2016-07-18,2016-07-18,1949 – The Snake Pit,Anatole Litvak,The Snake Pit,1902-05-10
49,nm0624535,2016-07-18,2016-07-18,1949 – Johnny Belinda,Jean Negulesco,Boy on a Dolphin,1900-02-26
50,nm0000059,2016-07-18,2016-07-18,1949 – Hamlet,Laurence Olivier,Sleuth,1907-05-22
51,nm0003593,2016-07-18,2016-07-18,"1949 – The Search
1953 – High Noon
1954 – [b]From Here to Eternity[/b]
1960 – The Nun's Story
1961 – The Sundowners
1967 – [b]A Man for All Seasons[/b]
1978 – Julia",Fred Zinnemann,A Man for All Seasons,1907-04-29
52,nm0000581,2016-07-18,2016-07-18,"1950 – [b]A Letter to Three Wives[/b]
1951 – [b]All About Eve[/b]
1953 – Five Fingers
1973 – Sleuth",Joseph L. Mankiewicz,All About Eve,1909-02-11
53,nm0715346,2016-07-18,2016-07-18,"1950 – The Fallen Idol
1951 – The Third Man
1969 – [b]Oliver![/b]",Carol Reed,The Third Man,1906-12-30
54,nm0744035,2016-07-18,2016-07-18,"1950 – All the King's Men
1962 – The Hustler",Robert Rossen,The Hustler,1908-03-16
55,nm0591486,2016-07-18,2016-07-18,"1952 – An American in Paris
1959 – [b]Gigi[/b]",Vincente Minnelli,An American in Paris,1903-02-28
56,nm0001124,2016-07-18,2016-07-18,1953 – The Greatest Show on Earth,Cecil B. DeMille,The Ten Commandments,1881-08-12
57,nm0910199,2016-07-18,2016-07-18,1954 – Lili,Charles Walters,Lili,1911-11-17
58,nm0780833,2016-07-18,2016-07-18,1955 – The Country Girl,George Seaton,Miracle on 34th Street,1911-04-17
59,nm0542720,2016-07-18,2016-07-18,1956 – [b]Marty[/b],Delbert Mann,Marty,1920-01-30
60,nm0517597,2016-07-18,2016-07-18,"1956 – Picnic
1958 – Sayonara",Joshua Logan,Fanny,1908-10-05
61,nm0836328,2016-07-18,2016-07-18,1956 – Bad Day at Black Rock,John Sturges,The Great Escape,1910-01-03
62,nm0027183,2016-07-18,2016-07-18,1957 – Around the World in 80 Days,Michael Anderson,Logan's Run,1920-01-30
63,nm0485943,2016-07-18,2016-07-18,1957 – The King and I,Walter Lang,The King and I,1896-08-10
64,nm0001486,2016-07-18,2016-07-19,"1958 – 12 Angry Men
1976 – Dog Day Afternoon
1977 – Network
1983 – The Verdict",Sidney Lumet,12 Angry Men,1924-06-25
65,nm0733476,2016-07-18,2016-07-18,"1958 – Peyton Place
1959 – The Inn of the Sixth Happiness",Mark Robson,Peyton Place,1913-12-04
66,nm0112218,2016-07-18,2016-07-18,"1959 – Cat on a Hot Tin Roof
1967 – The Professionals
1968 – In Cold Blood",Richard Brooks,In Cold Blood,1912-05-18
67,nm0936404,2016-07-18,2016-07-18,"1959 – I Want to Live!
1962 – [b]West Side Story[/b]
1966 – [b]The Sound of Music[/b]",Robert Wise,West Side Story,1914-09-10
68,nm0006452,2016-07-18,2016-07-18,"1959 – The Defiant Ones
1962 – Judgment at Nuremberg
1968 – Guess Who's Coming to Dinner",Stanley Kramer,Judgment at Nuremberg,1913-09-29
69,nm0002338,2016-07-18,2016-07-18,1960 – Room at the Top,Jack Clayton,The Innocents,1921-03-01
70,nm0202088,2016-07-18,2016-07-18,1961 – Never on Sunday,Jules Dassin,Du rififi chez les hommes,1911-12-18
71,nm0002153,2016-07-18,2016-07-18,1961 – Sons and Lovers,Jack Cardiff,Sons and Lovers,1914-09-18
72,nm0730385,2016-07-18,2016-07-18,1962 – [b]West Side Story[/b],Jerome Robbins,West Side Story,1918-10-11
73,nm0000019,2016-07-18,2016-07-18,"1962 – La Dolce Vita
1964 – 8½
1971 – Fellini Satyricon
1976 – Amarcord",Federico Fellini,8½,1920-01-20
74,nm0496746,2016-07-18,2016-07-18,1962 – The Guns of Navarone,J. Lee Thompson,The Guns of Navarone,1914-08-01
75,nm0314584,2016-07-18,2016-07-18,1963 – Divorce Italian Style,Pietro Germi,Il ferroviere,1914-09-14
76,nm0612322,2016-07-18,2016-07-18,1963 – To Kill a Mockingbird,Robert Mulligan,To Kill a Mockingbird,1925-08-23
77,nm0671957,2016-07-18,2016-07-18,"1963 – The Miracle Worker
1968 – Bonnie and Clyde
1970 – Alice's Restaurant",Arthur Penn,Bonnie and Clyde,1922-09-27
78,nm0675068,2016-07-18,2016-07-18,1963 – David and Lisa,Frank Perry,Mommie Dearest,1930-08-21
79,nm0724798,2016-07-18,2016-07-18,1964 – [b]Tom Jones[/b],Tony Richardson,A Taste of Honey,1928-06-05
80,nm0728688,2016-07-18,2016-07-18,1964 – Hud,Martin Ritt,Hud,1914-03-02
81,nm0322706,2016-07-18,2016-07-18,1965 – Becket,Peter Glenville,Term of Trial,1913-10-28
82,nm0000040,2016-07-18,2016-07-18,"1965 – Dr. Strangelove or: How I Learned to Stop Worrying and Love the Bomb
1969 – 2001: A Space Odyssey
1972 – A Clockwork Orange
1976 – Barry Lyndon",Stanley Kubrick,2001: A Space Odyssey,1928-07-26
83,nm0829038,2016-07-18,2016-07-18,1965 – Mary Poppins,Robert Stevenson,Mary Poppins,1905-03-31
84,nm0128050,2016-07-18,2016-07-18,1965 – Zorba the Greek,Michael Cacoyannis,Alexis Zorbas,1922-06-11
85,nm0772259,2016-07-18,2016-07-18,"1966 – Darling
1970 – [b]Midnight Cowboy[/b]
1972 – Sunday Bloody Sunday",John Schlesinger,Midnight Cowboy,1926-02-16
86,nm0856267,2016-07-18,2016-07-18,1966 – The Woman in the Dunes,Hiroshi Teshigahara,Suna no onna,1927-01-28
87,nm0000774,2016-07-18,2016-07-18,1967 – Blowup,Michelangelo Antonioni,L'avventura,1912-09-29
88,nm0500988,2016-07-18,2016-07-18,1967 – A Man and a Woman,Claude Lelouch,Un homme et une femme,1937-10-30
89,nm0001566,2016-07-18,2016-07-19,"1967 – Who's Afraid of Virginia Woolf?
1968 – [b]The Graduate[/b]
1984 – Silkwood
1989 – Working Girl",Mike Nichols,The Graduate,1931-11-06
90,nm0422484,2016-07-18,2016-07-19,"1968 – In the Heat of the Night
1972 – Fiddler on the Roof
1988 – Moonstruck",Norman Jewison,Jesus Christ Superstar,1926-07-21
91,nm0690597,2016-07-18,2016-07-18,1969 – The Battle of Algiers,Gillo Pontecorvo,La battaglia di Algeri,1919-11-19
92,nm0367431,2016-07-18,2016-07-18,1969 – The Lion in Winter,Anthony Harvey,The Lion in Winter,1930-06-03
93,nm0001874,2016-07-18,2016-07-18,1969 – Romeo and Juliet,Franco Zeffirelli,Romeo and Juliet,1923-02-12
94,nm0001351,2016-07-18,2016-07-18,"1970 – Butch Cassidy and the Sundance Kid
1974 – [b]The Sting[/b]",George Roy Hill,The Sting,1921-12-20
95,nm0001628,2016-07-18,2016-07-19,"1970 – They Shoot Horses, Don't They?
1983 – Tootsie
1986 – [b]Out of Africa[/b]",Sydney Pollack,Tootsie,1934-07-01
96,nm0002020,2016-07-18,2016-07-18,1970 – Z,Costa-Gavras,Z,1933-02-12
97,nm0769874,2016-07-18,2016-07-18,1971 – [b]Patton[/b],Franklin J. Schaffner,Patton,1920-05-30
98,nm0000265,2016-07-18,2016-07-19,"1971 – MASH
1976 – Nashville
1993 – The Player
1994 – Short Cuts
2002 – Gosford Park",Robert Altman,Gosford Park,1925-02-20
99,nm0002137,2016-07-18,2016-07-18,1971 – Love Story,Arthur Hiller,Love Story,1923-11-22
100,nm0001692,2016-07-18,2016-07-18,1971 – Women in Love,Ken Russell,The Devils,1927-07-03
101,nm0001243,2016-07-18,2016-07-18,"1972 – [b]The French Connection[/b]
1974 – The Exorcist",William Friedkin,To Live and Die in L.A.,1935-08-29
102,nm0000953,2016-07-18,2016-07-18,1972 – The Last Picture Show,Peter Bogdanovich,The Last Picture Show,1939-07-30
103,nm0002080,2016-07-18,2016-07-18,"1973 – [b]Cabaret[/b]
1975 – Lenny
1980 – All That Jazz",Bob Fosse,Cabaret,1927-06-23
104,nm0000958,2016-07-18,2016-07-19,"1973 – Deliverance
1988 – Hope and Glory",John Boorman,Hope and Glory,1933-01-18
105,nm0000338,2016-07-18,2016-07-19,"1973 – The Godfather
1975 – [b]The Godfather Part II[/b]
1980 – Apocalypse Now
1991 – The Godfather Part III",Francis Ford Coppola,Apocalypse Now,1939-04-07
106,nm0873296,2016-07-18,2016-07-18,1973 – The Emigrants,Jan Troell,Här har du ditt liv,1931-07-23
107,nm0000184,2016-07-18,2016-07-18,"1974 – American Graffiti
1978 – Star Wars",George Lucas,Star Wars,1944-05-14
108,nm0000005,2016-07-18,2016-07-19,"1974 – Cries and Whispers
1977 – Face to Face
1984 – Fanny and Alexander",Ingmar Bergman,Persona,1918-07-14
109,nm0000934,2016-07-18,2016-07-19,"1974 – Last Tango in Paris
1988 – [b]The Last Emperor[/b]",Bernardo Bertolucci,Il conformista,1941-03-16
110,nm0001023,2016-07-18,2016-07-18,1975 – A Woman Under the Influence,John Cassavetes,Love Streams,1929-12-09
111,nm0000591,2016-07-18,2016-07-19,"1975 – Chinatown
1981 – Tess
2003 – [b]The Pianist[/b]",Roman Polanski,Chinatown,1933-08-18
112,nm0000076,2016-07-18,2016-07-18,1975 – Day for Night,François Truffaut,La nuit américaine,1932-02-06
113,nm0001232,2016-07-18,2016-07-19,"1976 – [b]One Flew Over the Cuckoo's Nest[/b]
1985 – [b]Amadeus[/b]
1997 – The People vs. Larry Flynt",Milos Forman,One Flew Over the Cuckoo's Nest,1932-02-18
114,nm0000814,2016-07-18,2016-07-18,1977 – [b]Rocky[/b],John G. Avildsen,Rocky,1935-12-21
115,nm0001587,2016-07-18,2016-07-18,1977 – All the President's Men,Alan J. Pakula,Sophie's Choice,1928-04-07
116,nm0921631,2016-07-18,2016-07-18,1977 – Seven Beauties,Lina Wertmüller,Pasqualino Settebellezze,1928-08-14
117,nm0000095,2016-07-18,2016-07-19,"1978 – [b]Annie Hall[/b]
1979 – Interiors
1985 – Broadway Danny Rose
1986 – Hannah and Her Sisters
1990 – Crimes and Misdemeanors
1995 – Bullets over Broadway
2012 – Midnight in Paris",Woody Allen,Manhattan,1935-12-01
118,nm0000229,2016-07-18,2016-07-19,"1978 – Close Encounters of the Third Kind
1982 – Raiders of the Lost Ark
1983 – E.T. the Extra-Terrestrial
1994 – [b]Schindler's List[/b]
1999 – [b]Saving Private Ryan[/b]
2006 – Munich
2013 – Lincoln",Steven Spielberg,Schindler's List,1946-12-18
119,nm0006889,2016-07-18,2016-07-18,1978 – The Turning Point,Herbert Ross,"Play It Again, Sam",1927-05-13
120,nm0001047,2016-07-18,2016-07-18,1979 – [b]The Deer Hunter[/b],Michael Cimino,The Deer Hunter,1939-02-03
121,nm0000797,2016-07-18,2016-07-18,1979 – Coming Home,Hal Ashby,Harold and Maude,1929-09-02
122,nm0000886,2016-07-18,2016-07-18,"1979 – Heaven Can Wait
1982 – [b]Reds[/b]",Warren Beatty,Reds,1937-03-30
123,nm0377750,2016-07-18,2016-07-18,1979 – Heaven Can Wait,Buck Henry,The Graduate,1930-12-09
124,nm0000570,2016-07-18,2016-07-19,"1979 – Midnight Express
1989 – Mississippi Burning",Alan Parker,Evita,1944-02-14
125,nm0000914,2016-07-18,2016-07-19,"1980 – [b]Kramer vs. Kramer[/b]
1985 – Places in the Heart",Robert Benton,Kramer vs. Kramer,1932-09-29
126,nm0946811,2016-07-18,2016-07-19,"1980 – Breaking Away
1984 – The Dresser",Peter Yates,Krull,1929-07-24
127,nm0596850,2016-07-18,2016-07-18,1980 – La Cage aux Folles,Édouard Molinaro,The Birdcage,1928-05-13
128,nm0000602,2016-07-18,2016-07-19,"1981 – [b]Ordinary People[/b]
1995 – Quiz Show",Robert Redford,The Natural,1936-08-18
129,nm0000186,2016-07-18,2016-07-19,"1981 – The Elephant Man
1987 – Blue Velvet
2002 – Mulholland Dr.",David Lynch,Twin Peaks,1946-01-20
130,nm0000217,2016-07-18,2020-06-09,"1981 – Raging Bull
1989 – The Last Temptation of Christ
1991 – Goodfellas
2003 – Gangs of New York
2005 – The Aviator
2007 – [b]The Departed[/b]
2012 – Hugo
2014 – The Wolf of Wall Street
2020 – The Irishman",Martin Scorsese,Taxi Driver,1942-11-17
131,nm0750701,2016-07-18,2016-07-18,1981 – The Stunt Man,Richard Rush,The Stunt Man,1929-04-15
132,nm0001501,2016-07-18,2016-07-18,1982 – Atlantic City,Louis Malle,Au revoir les enfants,1932-10-30
133,nm0399853,2016-07-18,2016-07-18,1982 – Chariots of Fire,Hugh Hudson,Chariots of Fire,1936-08-25
134,nm0041932,2016-07-18,2016-07-18,1982 – On Golden Pond,Mark Rydell,The Long Goodbye,1929-03-23
135,nm0000277,2016-07-19,2016-07-19,1983 – [b]Gandhi[/b],Richard Attenborough,Jurassic Park,1923-08-29
136,nm0000583,2016-07-19,2016-07-19,1983 – Das Boot,Wolfgang Petersen,Das Boot,1941-03-14
137,nm0000985,2016-07-19,2016-07-19,1984 – [b]Terms of Endearment[/b],James L. Brooks,Broadcast News,1940-05-09
138,nm0000915,2016-07-19,2016-07-19,1984 – Tender Mercies,Bruce Beresford,Driving Miss Daisy,1940-08-16
139,nm0423646,2016-07-19,2016-07-19,"1985 – The Killing Fields
1987 – The Mission",Roland Joffé,The Mission,1945-11-17
140,nm0002199,2016-07-19,2016-07-19,1986 – Kiss of the Spider Woman,Hector Babenco,Carandiru,1946-02-07
141,nm0000041,2016-07-19,2016-07-19,1986 – Ran,Akira Kurosawa,Kakushi-toride no san-akunin,1910-03-23
142,nm0001837,2016-07-19,2016-07-19,"1986 – Witness
1990 – Dead Poets Society
1999 – The Truman Show
2004 – Master and Commander: The Far Side of the World",Peter Weir,Master and Commander: The Far Side of the World,1944-08-21
143,nm0000231,2016-07-19,2016-07-19,"1987 – [b]Platoon[/b]
1990 – [b]Born on the Fourth of July[/b]
1992 – JFK",Oliver Stone,JFK,1946-09-15
144,nm0412465,2016-07-19,2016-07-19,"1987 – A Room with a View
1993 – Howards End
1994 – The Remains of the Day",James Ivory,Call Me by Your Name,1928-06-07
145,nm0002120,2016-07-19,2016-07-19,"1988 – My Life as a Dog
2000 – The Cider House Rules",Lasse Hallström,What's Eating Gilbert Grape,1946-06-02
146,nm0001490,2016-07-19,2016-07-19,1988 – Fatal Attraction,Adrian Lyne,Jacob's Ladder,1941-03-04
147,nm0001469,2016-07-19,2016-07-19,"1989 – [b]Rain Man[/b]
1992 – Bugsy",Barry Levinson,Rain Man,1942-04-06
148,nm0187769,2016-07-19,2016-07-19,1989 – A Fish Called Wanda,Charles Crichton,A Fish Called Wanda,1910-08-06
149,nm0000110,2016-07-19,2016-07-19,1990 – Henry V,Kenneth Branagh,Henry V,1960-12-10
150,nm0006487,2016-07-19,2016-07-19,"1990 – My Left Foot
1994 – In the Name of the Father",Jim Sheridan,In America,1949-02-06
151,nm0000126,2016-07-19,2016-07-19,1991 – [b]Dances with Wolves[/b],Kevin Costner,The Postman,1955-01-18
152,nm0001241,2016-07-19,2016-07-19,"1991 – The Grifters
2007 – The Queen",Stephen Frears,Dangerous Liaisons,1941-06-20
153,nm0775447,2016-07-19,2016-07-19,1991 – Reversal of Fortune,Barbet Schroeder,La Virgen de los Sicarios,1941-08-26
154,nm0001129,2016-07-19,2016-07-19,1992 – [b]The Silence of the Lambs[/b],Jonathan Demme,The Silence of the Lambs,1944-02-22
155,nm0005436,2016-07-19,2016-07-19,1992 – Boyz n the Hood,John Singleton,Boyz n the Hood,1968-01-06
156,nm0000631,2016-07-19,2016-07-19,"1992 – Thelma & Louise
2001 – Gladiator
2002 – Black Hawk Down",Ridley Scott,The Martian,1937-11-30
157,nm0000142,2016-07-19,2016-07-19,"1993 – [b]Unforgiven[/b]
2004 – Mystic River
2005 – [b]Million Dollar Baby[/b]
2007 – Letters from Iwo Jima",Clint Eastwood,Million Dollar Baby,1930-05-31
158,nm0001403,2016-07-19,2016-07-19,1993 – The Crying Game,Neil Jordan,The Crying Game,1950-02-25
159,nm0000976,2016-07-19,2016-07-19,1993 – Scent of a Woman,Martin Brest,Scent of a Woman,1951-08-08
160,nm0001005,2016-07-19,2016-07-19,1994 – The Piano,Jane Campion,Bright Star,1954-04-30
161,nm0000709,2016-07-19,2016-07-19,1995 – [b]Forrest Gump[/b],Robert Zemeckis,Back to the Future,1951-05-14
162,nm0000233,2016-07-19,2020-06-09,"1995 – Pulp Fiction
2010 – Inglourious Basterds
2020 – Once Upon a Time in Hollywood",Quentin Tarantino,Reservoir Dogs,1963-03-27
163,nm0001425,2016-07-19,2016-07-19,1995 – Three Colors: Red,Krzysztof Kieslowski,Trois couleurs: Bleu,1941-06-27
164,nm0000154,2016-07-19,2017-05-02,"1996 – [b]Braveheart[/b]
2017 – Hacksaw Ridge",Mel Gibson,Braveheart,1956-01-03
165,nm0003088,2016-07-19,2016-07-19,1996 – Babe,Chris Noonan,Babe,1952-11-14
166,nm0000209,2016-07-19,2016-07-19,1996 – Dead Man Walking,Tim Robbins,Mystic River,1958-10-16
167,nm0001214,2016-07-19,2016-07-19,1996 – Leaving Las Vegas,Mike Figgis,Leaving Las Vegas,1948-02-28
168,nm0705535,2016-07-19,2016-07-19,1996 – Il Postino: The Postman,Michael Radford,Nineteen Eighty-Four,1946-02-24
169,nm0005237,2016-07-19,2016-07-19,1997 – [b]The English Patient[/b],Anthony Minghella,The Talented Mr. Ripley,1954-01-06
170,nm0001054,2016-07-19,2016-07-19,"1997 – Fargo
2008 – [b]No Country for Old Men[/b]
2011 – True Grit",Joel Coen,The Ballad of Buster Scruggs,1954-11-29
171,nm0005139,2016-07-19,2016-07-19,"1997 – Secrets & Lies
2005 – Vera Drake",Mike Leigh,Secrets & Lies,1943-02-20
172,nm0382956,2016-07-19,2016-07-19,1997 – Shine,Scott Hicks,Shine,1953-03-04
173,nm0000116,2016-07-19,2016-07-19,"1998 – [b]Titanic[/b]
2010 – Avatar",James Cameron,Avatar,1954-08-16
174,nm0146341,2016-07-19,2016-07-19,1998 – The Full Monty,Peter Cattaneo,The Full Monty,1964-07-01
175,nm0001814,2016-07-19,2016-07-19,"1998 – Good Will Hunting
2009 – Milk",Gus Van Sant,Elephant,1952-07-24
176,nm0000436,2016-07-19,2016-07-19,1998 – L.A. Confidential,Curtis Hanson,L.A. Confidential,1945-03-24
177,nm0000382,2016-07-19,2016-07-19,1998 – The Sweet Hereafter,Atom Egoyan,The Sweet Hereafter,1960-07-19
178,nm0000905,2016-07-19,2016-07-19,1999 – Life Is Beautiful,Roberto Benigni,La vita è bella,1952-10-27
179,nm0006960,2016-07-19,2016-07-19,1999 – Shakespeare in Love,John Madden,Shakespeare in Love,1949-04-08
180,nm0000517,2016-07-19,2016-07-19,"1999 – The Thin Red Line
2012 – The Tree of Life",Terrence Malick,Badlands,1943-11-30
181,nm0005222,2016-07-19,2020-06-09,"2000 – [b]American Beauty[/b]
2020 – 1917",Sam Mendes,1917,1965-08-01
182,nm0005069,2016-07-19,2016-07-19,2000 – Being John Malkovich,Spike Jonze,Her,1969-10-22
183,nm0000520,2016-07-19,2016-07-19,2000 – The Insider,Michael Mann,The Insider,1943-02-05
184,nm0796117,2016-07-19,2016-07-19,2000 – The Sixth Sense,M. Night Shyamalan,Lady in the Water,1970-08-06
185,nm0001752,2016-07-19,2016-07-19,"2001 – [b]Traffic[/b]
2001 – Erin Brockovich",Steven Soderbergh,"Sex, Lies, and Videotape",1963-01-14
186,nm0197636,2016-07-19,2016-07-19,"2001 – Billy Elliot
2003 – The Hours
2009 – The Reader",Stephen Daldry,The Reader,1960-05-02
187,nm0000487,2016-07-19,2016-07-19,"2001 – Crouching Tiger, Hidden Dragon
2006 – [b]Brokeback Mountain[/b]
2013 – [b]Life of Pi[/b]",Ang Lee,Wo hu cang long,1954-10-23
188,nm0000165,2016-07-19,2016-07-19,"2002 – [b]A Beautiful Mind[/b]
2009 – Frost/Nixon",Ron Howard,Arrested Development,1954-03-01
189,nm0001392,2016-07-19,2016-07-19,"2002 – The Lord of the Rings: The Fellowship of the Ring
2004 – [b]The Lord of the Rings: The Return of the King[/b]",Peter Jackson,The Lord of the Rings: The Fellowship of the Ring,1961-10-31
190,nm0551128,2016-07-19,2016-07-19,2003 – Chicago,Rob Marshall,Chicago,1960-10-17
191,nm0000264,2016-07-19,2016-07-19,2003 – Talk to Her,Pedro Almodóvar,Hable con ella,1949-09-25
192,nm0576987,2016-07-19,2016-07-19,2004 – City of God,Fernando Meirelles,The Constant Gardener,1955-11-09
193,nm0001068,2016-07-19,2016-07-19,2004 – Lost in Translation,Sofia Coppola,The Godfather Part III,1971-05-14
194,nm0000431,2016-07-19,2016-07-19,2005 – Ray,Taylor Hackford,Ray,1944-12-31
195,nm0668247,2016-07-19,2016-07-19,"2005 – Sideways
2012 – The Descendants
2014 – Nebraska",Alexander Payne,Nebraska,1961-02-10
196,nm0587955,2016-07-19,2016-07-19,"2006 – Capote
2015 – Foxcatcher",Bennett Miller,Foxcatcher,1966-12-30
197,nm0353673,2016-07-19,2016-07-19,2006 – Crash,Paul Haggis,Crash,1953-03-10
198,nm0000123,2016-07-19,2016-07-19,"2006 – Good Night, and Good Luck",George Clooney,The Ides of March,1961-05-06
199,nm0327944,2016-07-19,2016-07-19,"2007 – Babel
2015 – [b]Birdman or (The Unexpected Virtue of Ignorance)[/b]
2016 – [b]The Revenant[/b]",Alejandro G. Iñárritu,Biutiful,1963-08-15
200,nm0339030,2016-07-19,2016-07-19,2007 – United 93,Paul Greengrass,United 93,1955-08-13
201,nm0001053,2016-07-19,2016-07-19,"2008 – [b]No Country for Old Men[/b]
2011 – True Grit",Ethan Coen,The Ballad of Buster Scruggs,1957-09-21
202,nm0000759,2016-07-19,2020-06-09,"2008 – There Will Be Blood
2018 – Phantom Thread",Paul Thomas Anderson,Punch-Drunk Love,1970-06-26
203,nm0006904,2016-07-19,2016-07-19,2008 – Michael Clayton,Tony Gilroy,Michael Clayton,1956-09-11
204,nm0718646,2016-07-19,2016-07-19,"2008 – Juno
2010 – Up in the Air",Jason Reitman,Up in the Air,1977-10-19
205,nm0773603,2016-07-19,2016-07-19,2008 – The Diving Bell and the Butterfly,Julian Schnabel,At Eternity's Gate,1951-10-26
206,nm0000965,2016-07-19,2016-07-19,2009 – [b]Slumdog Millionaire[/b],Danny Boyle,127 Hours,1956-10-20
207,nm0000399,2016-07-19,2021-05-28,"2009 – The Curious Case of Benjamin Button
2011 – The Social Network
2021 – Mank",David Fincher,Se7en,1962-08-28
208,nm0000941,2016-07-19,2016-07-19,2010 – [b]The Hurt Locker[/b],Kathryn Bigelow,The Hurt Locker,1951-11-27
209,nm0200005,2016-07-19,2016-07-19,"2010 – Precious: Based on the Novel ""Push"" by Sapphire",Lee Daniels,Precious,1959-12-24
210,nm0393799,2016-07-19,2016-07-19,2011 – [b]The King's Speech[/b],Tom Hooper,Cats,1972-10-05
211,nm0004716,2016-07-19,2016-07-19,2011 – Black Swan,Darren Aronofsky,Pi,1969-02-12
212,nm0751102,2016-07-19,2016-07-19,"2011 – The Fighter
2013 – Silver Linings Playbook
2014 – American Hustle",David O. Russell,American Hustle,1958-08-20
213,nm0371890,2016-07-19,2016-07-19,2012 – [b]The Artist[/b],Michel Hazanavicius,The Artist,1967-03-29
214,nm0359734,2016-07-19,2016-07-19,2013 – Amour,Michael Haneke,Caché,1942-03-23
215,nm1022455,2016-07-19,2016-07-19,2013 – Beasts of the Southern Wild,Benh Zeitlin,Beasts of the Southern Wild,1982-10-14
216,nm0190859,2016-07-19,2020-06-09,"2014 – [b]Gravity[/b]
2019 – [b]Roma[/b]",Alfonso Cuarón,Gravity,1961-11-28
217,nm2588606,2016-07-19,2016-07-19,2014 – 12 Years a Slave,Steve McQueen,12 Years a Slave,1969-10-09
218,nm0000500,2016-07-19,2016-07-19,2015 – Boyhood,Richard Linklater,Waking Life,1960-07-30
219,nm0027572,2016-07-19,2016-07-19,2015 – The Grand Budapest Hotel,Wes Anderson,Fantastic Mr. Fox,1969-05-01
220,nm0878763,2016-07-19,2016-07-19,2015 – The Imitation Game,Morten Tyldum,Hodejegerne,1967-05-19
221,nm0570912,2016-07-19,2020-06-09,"2016 – The Big Short
2019 – Vice",Adam McKay,Don't Look Up,1968-04-17
222,nm0004306,2016-07-19,2016-07-19,2016 – Mad Max: Fury Road,George Miller,Mad Max: Fury Road,1945-03-03
223,nm1049433,2016-07-19,2016-07-19,2016 – Room,Lenny Abrahamson,Room,1966-11-30
224,nm0565336,2016-07-19,2016-07-19,2016 – Spotlight,Tom McCarthy,Win Win,1966-06-07
225,nm3227090,2017-05-02,2017-05-02,2017 – [b]La La Land[/b],Damien Chazelle,La La Land,1985-01-19
226,nm0898288,2017-05-02,2017-05-02,2017 – Arrival,Denis Villeneuve,Dune: Part One,1967-10-03
227,nm0518836,2017-05-02,2017-05-02,2017 – Manchester by the Sea,Kenneth Lonergan,Manchester by the Sea,1962-10-16
228,nm1503575,2017-05-02,2017-05-02,2017 – Moonlight,Barry Jenkins,If Beale Street Could Talk,1979-11-19
229,nm0868219,2020-06-09,2020-06-09,2018 – [b]The Shape of Water[/b],Guillermo del Toro,El laberinto del fauno,1964-10-09
230,nm1950086,2020-06-09,2020-06-09,2018 – Lady Bird,Greta Gerwig,Lady Bird,1983-08-04
231,nm0634240,2020-06-09,2020-06-09,2018 – Dunkirk,Christopher Nolan,Tenet,1970-07-30
232,nm1443502,2020-06-09,2020-06-09,2018 – Get Out,Jordan Peele,Get Out,1979-02-21
233,nm0487166,2020-06-09,2020-06-09,2019 – The Favourite,Yorgos Lanthimos,The Lobster,1973-09-23
234,nm0000490,2020-06-09,2020-06-09,2019 – BlacKkKlansman,Spike Lee,Do the Right Thing,1957-03-20
235,nm0667734,2020-06-09,2020-06-09,2019 – Cold War,Pawel Pawlikowski,Zimna wojna,1957-09-15
236,nm0094435,2020-06-09,2020-06-09,2020 – [b]Parasite[/b],Bong Joon Ho,Snowpiercer,1969-09-14
237,nm0680846,2020-06-09,2020-06-09,2020 – Joker,Todd Phillips,Joker,1970-12-20
238,nm2125482,2021-05-28,2021-05-28,2021 – [b]Nomadland[/b],Chloé Zhao,Nomadland,1982-03-31
239,nm2193504,2021-05-28,2021-05-28,2021 – Promising Young Woman,Emerald Fennell,Promising Young Woman,1985-10-01
240,nm1818032,2021-05-28,2021-05-28,2021 – Minari,Lee Isaac Chung,Minari,1978-10-19
241,nm0899121,2021-05-28,2021-05-28,2021 – Druk,Thomas Vinterberg,Jagten,1969-05-19
